{"IC1510": {}, "IC3811": {"IC2100": 0.9096315487298264, "IC2001": 0.9059451053710921, "IC2410": 0.9677029379035891, "IC4300": 0.9579374346052035, "IC2310": 0.9478654188228032, "IC3300": 0.9445748657085067, "IC3910": 0.962667971088293, "IC3810": 0.9567507032518883, "IC1811": 0.9123610268774314, "IC2912": 0.9222465416259412, "IC4110": 0.9193029011200907}, "IC3810": {"IC2100": 0.9393763162886065, "IC2001": 0.9418998695010308, "IC2410": 0.9798733336198405, "IC3620": 0.9441732678047423, "IC4300": 0.9879408650057501, "IC2310": 0.9421972410660766, "IC3300": 0.9618558829706969, "IC3910": 0.9692548967534791, "IC3811": 0.9567507032518883, "IC4110": 0.9007000036722704, "IM8000": 0.9132184152685449, "IC2712": 0.9061651842367735, "IC2913": 0.9140511957291299, "IC2912": 0.9579732086909359}, "IC2600": {"IC2001": 0.9004926153809893, "IC3620": 0.9081746232038499, "IC4300": 0.9005236681628928, "IC3910": 0.9220783231831131, "IC2710": 0.9045154672080581, "IC2913": 0.9044872533164471}, "IM8500": {"II6500": 0.9502922131365938, "ID4420": 0.9014015842058454, "IL7101": 0.926962992849591, "IM9300": 0.9602548911895048, "IK7000": 0.9588434349101388, "IL7100": 0.9119927698324434, "IM8400": 0.950561877123427, "IM7500": 0.9005391407059571, "IG6000": 0.9712187855521068, "IJ6800": 0.9659141302003307, "IG5400": 0.9350698436220629}, "IC4220": {}, "IE4900": {}, "IB0620": {}, "IC2712": {"IC2410": 0.9152656200294046, "IC3620": 0.9328020512125337, "IC2912": 0.9156229782139792, "IC3910": 0.9190843619703201, "IC3810": 0.9061651842367735}, "IC2210": {}, "IA0400": {}, "IC3024": {}, "IC3023": {}, "IC3301": {}, "IC3300": {"IC2100": 0.9448693364093558, "IC2410": 0.969745329994825, "IC3620": 0.9015450461313486, "IC4300": 0.9559863988538534, "IC2310": 0.9035695437843941, "IC3910": 0.9139062439893557, "IC3811": 0.9445748657085067, "IC3810": 0.9618558829706969, "IC2912": 0.9424416183812857}, "IC3025": {}, "IL7101": {"II6300": 0.9520000321775877, "IM9300": 0.9191770195257691, "IK7000": 0.9349975883884993, "IL7100": 0.9815492315368296, "IM8500": 0.926962992849591, "IG6000": 0.9128407853646902, "IG5401": 0.91748955219908, "IJ6800": 0.9410954193927177, "IG5400": 0.9606724198220828}, "IL7100": {"II6300": 0.9588163454962694, "IL7101": 0.9815492315368296, "IK7000": 0.9173081151815653, "IM8500": 0.9119927698324434, "IF5100": 0.9052137740906443, "IG5401": 0.9218691598810602, "IJ6800": 0.9377131265349373, "IG5400": 0.9377599741944852, "IG5300": 0.9023143296453345}, "IC4110": {"IC2410": 0.9330515493767755, "IC4300": 0.9116455315735195, "IC3910": 0.9066663867741548, "IC3811": 0.9193029011200907, "IC3810": 0.9007000036722704, "IC1811": 0.9091721282608456}, "IG5501": {}, "IG5500": {}, "IC3022": {}, "ID4420": {"II6400": 0.9095126518513851, "IM9300": 0.9075658450046107, "IC2710": 0.9239149020329678, "IK7000": 0.929874120112031, "IM8500": 0.9014015842058454, "IM7500": 0.932044577030823, "IJ6800": 0.9197723551053105}, "II6300": {"IL7101": 0.9520000321775877, "IA0300": 0.9082123533672525, "IL7100": 0.9588163454962694, "IG6000": 0.9038249674911661, "IG5401": 0.9155530391768711, "IJ6800": 0.9320479647778942, "IG5400": 0.9007629032769799}, "IC1910": {"IC2100": 0.9201388606159582, "IC2624": 0.9152055348506977}, "IH6100": {"IF5100": 0.9397103627996067}, "IY0200": {"IY0100": 0.9090907568844437}, "IC3910": {"IC2100": 0.9045597189962693, "IC2001": 0.9296427212284001, "IC2410": 0.9577183461558906, "IC3620": 0.9454780094399923, "IC4300": 0.974195642189931, "IC2310": 0.9448767799333571, "IC3300": 0.9139062439893557, "IC3811": 0.962667971088293, "IC2600": 0.9220783231831131, "IC3810": 0.9692548967534791, "IC4110": 0.9066663867741548, "IC2712": 0.9190843619703201, "IC2913": 0.9298066505885975, "IC2912": 0.9319788631612914}, "IC1610": {}, "IG5900": {}, "IB0720": {}, "IM9300": {"II6500": 0.9544901063309333, "ID4420": 0.9075658450046107, "II6400": 0.9282573569574868, "IL7101": 0.9191770195257691, "IK7000": 0.9643071823569663, "IM8500": 0.9602548911895048, "IM8400": 0.9545248676042817, "IM7500": 0.9093664037836252, "IG6000": 0.9576419717988626, "IJ6800": 0.9543833533276478, "IG5400": 0.9295108228162472}, "IJ6800": {"IL7101": 0.9410954193927177, "IC2710": 0.9057425242609257, "IL7100": 0.9377131265349373, "IM8500": 0.9659141302003307, "IM8400": 0.9215152936031745, "IM7500": 0.9294746111049651, "IG6000": 0.9681886021681688, "IG5400": 0.9288384517584202, "II6500": 0.930256844756773, "ID4420": 0.9197723551053105, "II6400": 0.9080849271297972, "II6300": 0.9320479647778942, "IM9300": 0.9543833533276478, "IK7000": 0.9672743988971885}, "IM7902": {}, "IC3123": {}, "IM7903": {}, "IC2310": {"IC2410": 0.9527200650494174, "IC4300": 0.9609856312088549, "IC3300": 0.9035695437843941, "IC3910": 0.9448767799333571, "IC3811": 0.9478654188228032, "IC3810": 0.9421972410660766, "IC1811": 0.9131246209361952, "IC2913": 0.9082347833795863, "IC2912": 0.9017851720174501}, "IC3124": {}, "IC3401": {}, "IC2711": {}, "IA0300": {"II6300": 0.9082123533672525}, "IC2710": {"ID4420": 0.9239149020329678, "II6400": 0.9511811059929689, "IC2600": 0.9045154672080581, "IM7500": 0.9632387076669147, "IG6000": 0.9116609218860184, "IJ6800": 0.9057425242609257}, "IM7500": {"ID4420": 0.932044577030823, "II6400": 0.9437999486977128, "IM9300": 0.9093664037836252, "IC2710": 0.9632387076669147, "IK7000": 0.9083822993334395, "IM8500": 0.9005391407059571, "IG6000": 0.9234935687574576, "IJ6800": 0.9294746111049651}, "IM7502": {"IM8402": 0.9524317275514437, "IF5101": 0.9089482962577422}, "IG5401": {"II6300": 0.9155530391768711, "IL7101": 0.91748955219908, "IL7100": 0.9218691598810602}, "IM7503": {}, "IM7900": {}, "IG5400": {"II6300": 0.9007629032769799, "IL7101": 0.9606724198220828, "IM9300": 0.9295108228162472, "IK7000": 0.9268928165975646, "IL7100": 0.9377599741944852, "IM8500": 0.9350698436220629, "IG6000": 0.9026879311577719, "IJ6800": 0.9288384517584202}, "IC3000": {}, "ID4520": {}, "IK7000": {"IL7101": 0.9349975883884993, "IL7100": 0.9173081151815653, "IM8500": 0.9588434349101388, "IM8400": 0.9160241754590733, "IM7500": 0.9083822993334395, "IG6000": 0.9370852193067387, "IG5400": 0.9268928165975646, "II6500": 0.9338249775553614, "ID4420": 0.929874120112031, "II6400": 0.9099749968553302, "IM9300": 0.9643071823569663, "IJ6800": 0.9672743988971885}, "IC3912": {}, "IB1020": {}, "IY0100": {"IY0200": 0.9090907568844437}, "IC2001": {"IC2410": 0.910645454171595, "IC3620": 0.9000674883247057, "IC4300": 0.9230475612803946, "IM8000": 0.9199851623804288, "IC3910": 0.9296427212284001, "IC3811": 0.9059451053710921, "IC2600": 0.9004926153809893, "IC3810": 0.9418998695010308, "IC2912": 0.9352236439075156}, "IE5000": {}, "IC2520": {}, "IC4300": {"IC2100": 0.930724471969463, "IC2001": 0.9230475612803946, "IC2410": 0.9821819854883901, "IC3620": 0.9323121163481844, "IC2310": 0.9609856312088549, "IC3300": 0.9559863988538534, "IC3910": 0.974195642189931, "IC3811": 0.9579374346052035, "IC2600": 0.9005236681628928, "IC3810": 0.9879408650057501, "IC4110": 0.9116455315735195, "IC1811": 0.9028477622011533, "IC2913": 0.9320989591670666, "IC2912": 0.9520352418698762}, "IC1312": {}, "IC2521": {}, "IC1710": {}, "IG5800": {}, "IB0820": {}, "IC3725": {}, "IC3724": {}, "IC2913": {"IC2410": 0.9109102477015174, "IC4300": 0.9320989591670666, "IC2310": 0.9082347833795863, "IC3910": 0.9298066505885975, "IC2600": 0.9044872533164471, "IC3810": 0.9140511957291299}, "IC2912": {"IC2100": 0.9019345768877031, "IC2001": 0.9352236439075156, "IC2410": 0.9460884698135309, "IC3620": 0.9499655566914017, "IC4300": 0.9520352418698762, "IC2310": 0.9017851720174501, "IC3300": 0.9424416183812857, "IC3910": 0.9319788631612914, "IC3811": 0.9222465416259412, "IC3810": 0.9579732086909359, "IC2712": 0.9156229782139792}, "IC3620": {"IC2001": 0.9000674883247057, "IC2410": 0.9217770743832866, "IC4300": 0.9323121163481844, "IC3300": 0.9015450461313486, "IC3910": 0.9454780094399923, "IC2600": 0.9081746232038499, "IC3810": 0.9441732678047423, "IC2712": 0.9328020512125337, "IC2912": 0.9499655566914017}, "IC2410": {"IC2100": 0.9392877452512628,