{"IC1510": {}, "IC3811": {}, "IC3810": {"IC2100": 0.9132822074788236, "IC2001": 0.9452565599503705, "IC2410": 0.9366297644272653, "IC3620": 0.9628438769172551, "IC4300": 0.9756652148085156, "IC3300": 0.9560462591274176, "IC1410": 0.9108228623892315, "IC3401": 0.9451030575301212, "IC3910": 0.9918176678100648, "IC3723": 0.9258544340023079, "IC2710": 0.9164678520879833, "IC2600": 0.9416872672888826, "IM7503": 0.9034768351855127, "ID4420": 0.9247688438508153, "IG5900": 0.9237039878399879, "IC1811": 0.9065176085105966, "IC2712": 0.9106590721764807, "IC2913": 0.9529393797646938, "IC2912": 0.972561744586018}, "IC2600": {"IC3620": 0.9494943114204528, "IC4300": 0.9015153149913904, "IC1410": 0.9401357622335579, "IC3910": 0.9348834923742729, "IC3723": 0.9178785506062395, "IC2710": 0.9365421361232023, "IC3810": 0.9416872672888826, "IM7500": 0.9149901743150463, "ID4420": 0.9360134859632718, "IG5900": 0.9027813772815575, "IC2913": 0.9275518783524933, "IC2912": 0.9422512598664159}, "IM8500": {"II6500": 0.955813185950067, "IL7101": 0.9706872916254866, "IM9300": 0.9463271022780451, "IK7000": 0.9275743838576274, "IM8400": 0.9451244018171782, "IM8402": 0.9361528358521293, "IG5400": 0.9652760985159826}, "IC4220": {}, "IE4900": {}, "IB0620": {}, "IC2712": {"IC2410": 0.9169520213845026, "IC3620": 0.9217704218288139, "IC4300": 0.9321606511522821, "IC3401": 0.908682702674136, "IC3910": 0.9195325671248817, "IC3723": 0.945339290750328, "IK7000": 0.9261015137395543, "IC3810": 0.9106590721764807, "IC2913": 0.9041704876141333, "IC2912": 0.9332096280253369, "IM7503": 0.9144231069091354}, "IC2210": {"IC2913": 0.9055728370572657, "IC2912": 0.9022264799384393}, "IA0400": {}, "IC3024": {}, "IC3023": {}, "IC3301": {}, "IC3300": {"IC2001": 0.901403746333744, "ID4420": 0.904389504366412, "IC2410": 0.9145619995005629, "IC3620": 0.9138913532646277, "IC4300": 0.9455142765689991, "IC1410": 0.9042473530708061, "IC3401": 0.9516829496956796, "IC3910": 0.953870022479781, "IC2710": 0.9059644960073567, "IC3810": 0.9560462591274176, "IC2912": 0.9044987767404273}, "IC3025": {}, "IL7101": {"II6401": 0.922133720720879, "II6500": 0.9690515132969639, "IM9300": 0.9660246295569496, "IK7000": 0.9601902477898164, "IM8500": 0.9706872916254866, "IM8400": 0.9354876174265061, "IM8402": 0.9288014197775623, "IM7502": 0.90957306337961, "IG5400": 0.9226767209762248, "IF5101": 0.9389317473304607}, "IL7100": {"IM7502": 0.9138667254800479}, "IC4110": {"IC2310": 0.9174541008595092}, "IG5501": {}, "IG5500": {"IF5101": 0.9056838573820857}, "IC3022": {}, "ID4420": {"IC3620": 0.9395402748943388, "IC4300": 0.9100585527521958, "IC3300": 0.904389504366412, "IC1410": 0.9388798245276786, "IC3401": 0.9365815737772646, "IC3910": 0.9291617997453021, "IC2810": 0.914128301984933, "IC3723": 0.9287911761717743, "IC2710": 0.9508308844194111, "IC2600": 0.9360134859632718, "IC3810": 0.9247688438508153, "IC2913": 0.9060602967932969, "IC2912": 0.9271905229940567}, "II6300": {}, "IC1910": {"IC2100": 0.9449169924548876, "IC1811": 0.9488810747164539, "IC4300": 0.9018979925026481}, "IH6100": {}, "IY0200": {"IM8402": 0.9154508980548322}, "IC3910": {"IC2100": 0.9098043266983484, "IC2001": 0.9615357049844826, "IC2410": 0.9385124306346815, "IC3620": 0.9629593359418215, "IC4300": 0.979239567597554, "IC3300": 0.953870022479781, "IC1410": 0.9229733672947009, "IC3401": 0.948561135889225, "IC3723": 0.9423310940619402, "IC2600": 0.9348834923742729, "IC3810": 0.9918176678100648, "IM7503": 0.9065838000176397, "ID4420": 0.9291617997453021, "IG5900": 0.9219296246962528, "IC1811": 0.9076663378282455, "IC2712": 0.9195325671248817, "IC2913": 0.9670133328375887, "IC2912": 0.9850863344446051}, "IC1610": {}, "IG5900": {"IC3620": 0.9184731235738315, "IC3910": 0.9219296246962528, "IC2600": 0.9027813772815575, "IC3810": 0.9237039878399879, "IC2913": 0.9166725641881661, "IC2912": 0.907392687387848}, "IB0720": {}, "IM9300": {"IL7101": 0.9660246295569496, "IC3723": 0.9061076741909142, "IM8500": 0.9463271022780451, "IM8400": 0.9634964227905592, "IG6000": 0.9078217234936865, "IM8402": 0.9494886115192723, "IM7502": 0.9300936321388071, "IG5600": 0.9109015797680343, "IG5400": 0.9229367610456992, "II6401": 0.9619529359432084, "II6500": 0.9577620661396327, "II6400": 0.9358418902451316, "IK7000": 0.9553962305588876, "IJ6800": 0.9012000354222472, "IF5101": 0.9723604819665946}, "IJ6800": {"II6401": 0.956828515356508, "II6400": 0.9255315818070659, "IC3723": 0.9011793939994011, "IM9300": 0.9012000354222472, "IK7000": 0.9264493141938065, "IG6000": 0.9578489128090951, "IF5101": 0.9532678226081518}, "IM7902": {}, "IC3123": {}, "IM7903": {}, "IC2310": {"IC2100": 0.9126124933231381, "IC4110": 0.9174541008595092}, "IC3124": {}, "IC3401": {"IC2001": 0.9214432720963732, "IC2410": 0.9273948248827958, "IC3620": 0.9299208018586784, "IC4300": 0.9616215434257323, "IC3300": 0.9516829496956796, "IC1410": 0.9291278761666951, "IC3910": 0.948561135889225, "IC3723": 0.9183618139805644, "IC2710": 0.901204799285278, "IC3810": 0.9451030575301212, "ID4420": 0.9365815737772646, "IC2712": 0.908682702674136, "IC2913": 0.9148574487006997, "IC2912": 0.9290466791043868}, "IC2711": {"IC3225": 0.9176895535415671}, "IA0300": {}, "IC2710": {"ID4420": 0.9508308844194111, "IC3620": 0.9365434095979437, "IC3300": 0.9059644960073567, "IC1410": 0.9114010593427377, "IC3401": 0.901204799285278, "IC2600": 0.9365421361232023, "IC3810": 0.9164678520879833}, "IM7500": {"IC1410": 0.9023678316802332, "IC2810": 0.9164168426164983, "IC2600": 0.9149901743150463}, "IM7502": {"II6401": 0.9332029024612519, "II6500": 0.9127691566510178, "IL7101": 0.90957306337961, "IM9300": 0.9300936321388071, "IK7000": 0.9539744079467714, "IL7100": 0.9138667254800479, "IM8400": 0.9288832510445402, "IM7503": 0.911624118190147, "IF5101": 0.9317584156082691}, "IG5401": {}, "IM7503": {"IC2410": 0.9596873869653791, "IC3620": 0.9312420808847434, "IC4300": 0.9284512408193005, "IM8000": 0.9328753156595003, "IC3910": 0.9065838000176397, "IC3723": 0.9064601976930086, "IK7000": 0.948944324682174, "IC3810": 0.9034768351855127, "IC2712": 0.9144231069091354, "IM7502": 0.911624118190147}, "IM7900": {}, "IG5400": {"II6500": 0.9163885422117398, "IL7101": 0.9226767209762248, "IM9300": 0.9229367610456992, "IM8500": 0.9652760985159826, "IM8400": 0.9602516582085803, "IM8402": 0.9566695887353927, "IG5600": 0.9260574244221651}, "IC3000": {}, "ID4520": {}, "IK7000": {"IC2410": 0.923758738980908, "IC3620": 0.917720394160133, "IL7101": 0.9601902477898164, "IC3723": 0.9363923729292953, "IM8500": 0.9275743838576274, "IM8400": 0.9534253866018744, "IM8402": 0.9153015442505754, "IM7502": 0.9539744079467714, "IM7503": 0.948944324682174, "II6401": 0.9405217036525125, "II6500": 0.9389179647227341, "II6400": 0.9141622281964463, "IM9300": 0.9553962305588876, "IC2712": 0.9261015137395543, "IJ6800": 0.9264493141938065, "IF5101": 0.9496031026083098}, "IC3912": {}, "IB1020": {}, "IY0100": {"IE4800": 0.908216945519711}, "IC2001": {"IC2100": 0.9096108895233885, "IC2410": 0.9033176991735017, "IC4300": 0.9630548491493894, "IC3300": 0.901403746333744, "IC1410": 0.9103055257083216, "IC3401": 0.9214432720963732, "IC3910": 0.9615357049844826, "IC3723": 0.9275838771276799, "IC3810": 0.9452565599503705, "IC1811": 0.9108339928616183, "IC2913": 0.9421230852194445, "IC2912": 0.9622378184840873}, "IE5000": {}, "IC2520": {}, "IC4300": {"IC2100": 0.9270319177638665, "IC2001": 0.9630548491493894, "IC2410": 0.9519228150061063, "IC3620": 0.9349989342080215, "IC3300": 0.9455142765689991, "IC1410": 0.9155559627943543, "IC3401": 0.9616215434257323, "IC3910": 0.979239567597554, "IC3723": 0.9334466120365904, "IC2600": 0.9015153149913904, "IC3810": 0.9756652148085156, "IM7503": 0.9284512408193005, "ID4420": 0.9100585527521958, "IC1910": 0.9018979925026481, "IC1811": 0.9461754108047339, "IC2712": 0.9321606511522821, "IC2913": 0.9435101686969851, "IC2912": 0.9649155461775691}, "IC1312": {}, "IC2521": {}, "IC1710": {}, "IG5800": {}, "IB0820": {}, "IC3725": {}, "IC3724": {},