{"IC1510": {}, "IC3811": {"IC2410": 0.9220538318570981, "IC4300": 0.9060515034586119, "IC2310": 0.931763276095913, "IC4000": 0.9011599172854439, "IC3502": 0.9014297510548424}, "IC3810": {"IC4300": 0.9500751549697726, "IC3401": 0.9110176172380593, "IC3910": 0.9646951691749138, "IC2600": 0.9365144446737881, "IC2912": 0.9563710002865284, "IC4000": 0.912944357081416}, "IC2600": {"IC4300": 0.9500911494461812, "IC3910": 0.914994966552948, "IC3502": 0.9024336888972926, "IC3810": 0.9365144446737881, "IC2912": 0.9371384157585161, "IC4000": 0.9028926613849744}, "IM8500": {"II6500": 0.9374780455822255, "IL7101": 0.9294925980898753, "IM9300": 0.9615209779588665, "IC2710": 0.935181926284921, "IG6000": 0.9532235256499856, "IG5600": 0.9069962702190413, "IG5401": 0.9291641402777105}, "IC4220": {"IC1811": 0.912036792416597, "IC3224": 0.9197925288105255, "IC1710": 0.9252726970722156}, "IE4900": {"IG5301": 0.9086116355285483}, "IB0620": {}, "IC2712": {}, "IC2210": {"IC2001": 0.9121128582868796, "IC2410": 0.9042467393839116, "IC2913": 0.9113851088285871}, "IA0400": {"IG5300": 0.9051186897177739}, "IC3024": {}, "IC3023": {"IC1811": 0.9058355212984059, "IC3000": 0.91455734343956}, "IC3301": {}, "IC3300": {"IC2100": 0.9443441987985673, "IC2001": 0.9572347612178672, "IC2410": 0.9760861543828117, "IC4300": 0.9221658190377492, "IC2310": 0.9154530581019492, "IC3401": 0.9381922450924448, "IC2810": 0.9283342460151334, "IC3502": 0.9385681489881554, "IC4000": 0.9312025414351108, "IC3912": 0.9000438108823546, "IC2624": 0.9365989653519204, "IC2913": 0.9765708537249597, "IC2912": 0.9173558990252975}, "IC3025": {}, "IL7101": {"II6500": 0.92741858862912, "II6300": 0.916684666484743, "IK7000": 0.9095556384658299, "IL7100": 0.9381343480985597, "IM8500": 0.9294925980898753, "IG6000": 0.9227758045736274, "IM7503": 0.9001104397376144, "IG5401": 0.9319652340350693, "IJ6800": 0.9448751528919657}, "IL7100": {"IL7101": 0.9381343480985597, "IG5401": 0.9109993811302322}, "IC4110": {"IC2001": 0.9385120391206575, "IC3224": 0.9315325151676315, "IC1710": 0.9639843156254574, "IC2810": 0.9144973761806781, "IC1910": 0.9351806748129906, "IC1811": 0.9608394949013087, "IC3912": 0.9450490396342531, "IC3000": 0.9004595080912299}, "IG5501": {}, "IG5500": {}, "IC3022": {"IA0502": 0.9306395681232366, "IC2521": 0.9085297806049034, "IE4800": 0.940078100550879, "IC1811": 0.9007260178391344, "IE4700": 0.9578704002993155, "IC3000": 0.9655465609635694}, "ID4420": {"IC3620": 0.9350791131884595, "IC3723": 0.9024485270555901, "IM9300": 0.9142847205370526, "IK7000": 0.9254858481251692, "IF5101": 0.9067788545038166}, "II6300": {"IG6000": 0.9054260162793346, "IL7101": 0.916684666484743, "IG5401": 0.9296576574474916, "IJ6800": 0.9149906549438015}, "IC1910": {"IC2001": 0.9623126658743247, "IM8000": 0.9488123019833358, "IC2521": 0.925770999323208, "IC1710": 0.9638951040915948, "IE4800": 0.9010424435238314, "IC2810": 0.9128619636539094, "IC1811": 0.9749540731014572, "IC3912": 0.9672993755797175, "IC2624": 0.9625328723005373, "IC4110": 0.9351806748129906, "IC3000": 0.9445125819050318}, "IH6100": {"IF5100": 0.9223477442237984}, "IY0200": {"IM8400": 0.948003560668509, "IM8402": 0.9523762236448192}, "IC3910": {"IC3620": 0.9308412226405033, "IC4300": 0.9514651124219209, "IC2600": 0.914994966552948, "IC3810": 0.9646951691749138, "IC2912": 0.9133959682326498, "IC4000": 0.9058107418996755}, "IC1610": {}, "IG5900": {}, "IB0720": {}, "IM9300": {"II6500": 0.9331443316404033, "ID4420": 0.9142847205370526, "IC2710": 0.9226630438334736, "IK7000": 0.9030316244696079, "IM8500": 0.9615209779588665, "IG6000": 0.9621253136800157, "IG5600": 0.9498467998337952, "IF5101": 0.9403752991047339}, "IJ6800": {"II6500": 0.9731345417745656, "II6300": 0.9149906549438015, "IL7101": 0.9448751528919657, "IK7000": 0.9383854253685898, "IG6000": 0.9527161139407044, "IG5600": 0.906203669725956, "IM7503": 0.9238539500577396}, "IM7902": {}, "IC3123": {}, "IM7903": {}, "IC2310": {"IC2410": 0.9519847785297465, "IC3300": 0.9154530581019492, "IC3811": 0.931763276095913, "IC2624": 0.9014234972315829, "IC2913": 0.9116557026113183, "IC4000": 0.9161988917681653}, "IC3124": {}, "IC3401": {"IC2100": 0.9505593425969845, "IC2001": 0.930933696745727, "IC2410": 0.939558522523986, "IC4300": 0.9253747716711961, "IC3300": 0.9381922450924448, "IC3810": 0.9110176172380593, "IC2913": 0.9397574885870779, "IC2912": 0.9359113256456372, "IC4000": 0.9084933061764237}, "IC2711": {}, "IA0300": {}, "IC2710": {"II6500": 0.9338468641884644, "IM8500": 0.935181926284921, "IG6000": 0.9327480827287497, "IM9300": 0.9226630438334736, "IK7000": 0.9029532292186749}, "IM7500": {}, "IM7502": {}, "IG5401": {"IM8500": 0.9291641402777105, "II6300": 0.9296576574474916, "IG6000": 0.9047115380619656, "IL7101": 0.9319652340350693, "IL7100": 0.9109993811302322}, "IM7503": {"II6500": 0.9018861106389164, "IL7101": 0.9001104397376144, "IJ6800": 0.9238539500577396, "IK7000": 0.9317096412571805}, "IM7900": {}, "IG5400": {}, "IC3000": {"IC3023": 0.91455734343956, "IA0502": 0.9016849737722755, "IC2521": 0.9439598652962445, "IC1710": 0.9343366693629502, "IE4700": 0.9476763669894078, "IC4110": 0.9004595080912299, "IC3022": 0.9655465609635694, "IM8000": 0.9264322281709736, "IE4800": 0.9466603589234325, "IC1910": 0.9445125819050318, "IC1811": 0.9605473242553415, "IC3912": 0.9591527626161196, "IC2624": 0.9144704988478081, "IB1120": 0.9128657867313728}, "ID4520": {}, "IK7000": {"II6500": 0.9482964485162503, "ID4420": 0.9254858481251692, "IL7101": 0.9095556384658299, "IM9300": 0.9030316244696079, "IC2710": 0.9029532292186749, "IG6000": 0.927427662680304, "IM7503": 0.9317096412571805, "IJ6800": 0.9383854253685898, "IF5101": 0.9022045780351577}, "IC3912": {"IC2001": 0.9562590645711994, "IA0500": 0.9139621478324225, "IC3300": 0.9000438108823546, "IC3223": 0.9066517795647876, "IC2521": 0.9254249845070689, "IC1710": 0.9525110612305135, "IC2810": 0.9367472598076925, "IC4110": 0.9450490396342531, "IC3000": 0.9591527626161196, "IM8000": 0.9500508935129711, "IE4800": 0.9189136100746512, "IC1910": 0.9672993755797175, "IC1811": 0.9835598928664468, "IC2624": 0.9679769039759195}, "IB1020": {}, "IY0100": {"IM8402": 0.9012992122817324}, "IC2001": {"IC2100": 0.959030552964668, "IC2210": 0.9121128582868796, "IC2410": 0.9463052317249803, "IC3300": 0.9572347612178672, "IC3223": 0.9187955907523437, "IC3401": 0.930933696745727, "IC1710": 0.9261093267813342, "IC2810": 0.9384359698088858, "IC4110": 0.9385120391206575, "IM8000": 0.928104571099228, "IC1910": 0.9623126658743247, "IC1811": 0.9601674760271228, "IC3912": 0.9562590645711994, "IC2624": 0.969562996867247, "IC2913": 0.9603476947279963}, "IE5000": {}, "IC2520": {}, "IC4300": {"IC2410": 0.9300848249294836, "IC3300": 0.9221658190377492, "IC3401": 0.9253747716711961, "IC3910": 0.9514651124219209, "IC3811": 0.9060515034586119, "IC2600": 0.9500911494461812, "IC3502": 0.9344954494780573, "IC3810": 0.9500751549697726, "IC2913": 0.9260700699869141, "IC2912": 0.9532347142564024, "IC4000": 0.9364859126163593}, "IC1312": {}, "IC2521": {"IM8000": 0.917661618770373, "IC1910": 0.925770999323208, "IC1811": 0.9179226218923401, "IC3912": 0.9254249845070689, "IC3000": 0.9439598652962445, "IC3022": 0.9085297806049034}, "IC1710": {"IC2001": 0.9261093267813342, "IC3224": 0.9519947680479034, "IE4800": 0.9152700799580586, "IC1910": 0.9638951040915948, "IC1811": 0.968013369745192, "IC3912": 0.9525110612305135, "IC2624": 0.9033100475004642, "IB0920": 0.9181440337693721, "IC4220": 0.9252726970722156, "IC4110": 0.9639843156254574, "IC3000": 0.9343366693629502}, "IG5800": {}, "IB0820": {}, "IC3725": {}, "IC3724": {}, "IC2913": {"IC2100": 0.9555460487662047, "IC2001": 0.9603476947279963, "IC2210": 0.9113851088285871, "IC2410": 0.9607101373472933, "IC4300": 0.9260700699869141, "IC2310": 0.9116557026113183, "IC3300": 0.9765708537249597, "IC3401": 0.9397574885870779, "IC2810": 0.9415023647750811, "IC3502": 0.9112009929143194, "IC4000": 0.9133845855193902, "IC2624": 0.931242010869426, "IC2912": 0.9107558960365518},