{"IC1510": {}, "IC3811": {}, "IC3810": {"IC4300": 0.9451695859084194, "IC3401": 0.9379955804727118, "IC3910": 0.9141996457422449, "IC2600": 0.9545442294765493, "IC2913": 0.9197645642385331, "IM7500": 0.916238877634973}, "IC2600": {"IC2001": 0.9574651688113682, "IC2410": 0.9445248895583903, "IC4300": 0.9565950404306737, "IC3910": 0.9519296717920669, "IC2710": 0.9611111309318487, "IC3810": 0.9545442294765493, "IM7500": 0.9395008962563438, "IC4110": 0.9006389458264424, "II6400": 0.9322919372490119, "IM8000": 0.935853278308778, "IK7000": 0.9176260462075573, "IC2913": 0.9114092588625851, "IC2912": 0.9216086429650269}, "IM8500": {"IM7903": 0.9040771960730548, "IL7101": 0.9703761811342664, "IC2710": 0.9373973665076849, "IL7100": 0.972842864331655, "IM7500": 0.9145009584186765, "IG6000": 0.9770496804801455, "IG5600": 0.9190556519152362, "IG5500": 0.9652473894935232, "IG5401": 0.9273820252582838, "IG5400": 0.9674536813005664, "II6401": 0.9437448939042969, "II6500": 0.9403276381627043, "IG5900": 0.9392111410653314, "II6400": 0.9314395504567817, "IM8000": 0.9371637119092877, "IM9300": 0.97846180772937, "IK7000": 0.9908869744574292, "IJ6800": 0.9727029342881061, "IF5101": 0.9376362591449936}, "IC4220": {}, "IE4900": {"IG5800": 0.925346232301644, "IH6100": 0.9642240791957053, "IF5100": 0.923975757688258, "IY0100": 0.9320891042654992}, "IB0620": {}, "IC2712": {"IC4300": 0.9217623417943064, "IC2912": 0.9286628840545114, "IC3910": 0.9143357972393945, "IC2710": 0.9007540723549794}, "IC2210": {"IC2410": 0.9046365185870664}, "IA0400": {}, "IC3024": {}, "IC3023": {}, "IC3301": {}, "IC3300": {"IC2410": 0.9168248989335448, "IC4300": 0.916338746038668, "IC2912": 0.9052494709889926, "IC3910": 0.9085494713547467}, "IC3025": {}, "IL7101": {"IM7903": 0.9289550174841713, "IL7100": 0.9875968997942389, "IM8500": 0.9703761811342664, "IG6000": 0.9282570803298923, "IG5500": 0.934747344499122, "IG5401": 0.9742332896262302, "IG5400": 0.9647173793078743, "IG5900": 0.9574103338462574, "IM8000": 0.9243051605932572, "IM9300": 0.9240550066954706, "IK7000": 0.9671278440379552, "IJ6800": 0.9047549556151793}, "IL7100": {"IM7903": 0.9302101286768062, "IL7101": 0.9875968997942389, "IM8500": 0.972842864331655, "IG6000": 0.9364259060179977, "IG5500": 0.9399010132639278, "IG5401": 0.9666085039464319, "IG5400": 0.9706207441276584, "IG5900": 0.9493456898332244, "IM8000": 0.9203112870688945, "IM9300": 0.934043516563786, "IK7000": 0.9661905937810414, "IJ6800": 0.9110903797013998}, "IC4110": {"IC2001": 0.9329970751531964, "IC2410": 0.9198338338631984, "IC4300": 0.9219152258136589, "IC3910": 0.9569593934348248, "IC2600": 0.9006389458264424, "IC2913": 0.9159601353825321, "IC4000": 0.9015857636193123}, "IG5501": {}, "IG5500": {"IL7101": 0.934747344499122, "IC2710": 0.913739699198874, "IL7100": 0.9399010132639278, "IM8500": 0.9652473894935232, "IG6000": 0.9527979864199697, "IG5401": 0.9103982048643187, "IG5400": 0.9284281097358534, "II6401": 0.9354056268610934, "II6500": 0.9492270404316167, "II6400": 0.91247078737204, "IM8000": 0.9163151590377261, "IM9300": 0.9506804262502503, "IK7000": 0.9626910404308039, "IJ6800": 0.9396412811271645, "IF5101": 0.9077877441372544}, "IC3022": {}, "ID4420": {"IC3401": 0.9000650507066075, "IM7500": 0.9034326432073299}, "II6300": {}, "IC1910": {"IC1811": 0.9194497101775058, "IC2624": 0.902119917757927, "IC4000": 0.9122010104954221}, "IH6100": {"IG5800": 0.9489476814472881, "IF5100": 0.9225405519565434, "IE4900": 0.9642240791957053, "IG5300": 0.9131781807797992, "IY0100": 0.9293459865903091}, "IY0200": {"IG5800": 0.92772361963396, "IY0100": 0.9816226597891827}, "IC3910": {"IC2001": 0.9495014461420247, "IC2410": 0.9554248530191137, "IC4300": 0.9674911092462264, "IC3300": 0.9085494713547467, "IC2710": 0.9539078079328163, "IC2600": 0.9519296717920669, "IC3810": 0.9141996457422449, "IC4110": 0.9569593934348248, "IM8000": 0.9167717777998051, "IC2712": 0.9143357972393945, "IC2913": 0.9397570942382555, "IC2912": 0.9368205742244783}, "IC1610": {}, "IG5900": {"IM7903": 0.9316296925470801, "IC2410": 0.9029147112593795, "IL7101": 0.9574103338462574, "IM8000": 0.9493225876170962, "IK7000": 0.9547453112627085, "IL7100": 0.9493456898332244, "IC1811": 0.937327915087806, "IM8500": 0.9392111410653314, "IG5401": 0.9101226171435869, "IG5400": 0.9337655845402549}, "IB0720": {}, "IM9300": {"IL7101": 0.9240550066954706, "IC2710": 0.9582781017588389, "IL7100": 0.934043516563786, "IM8500": 0.97846180772937, "IM7500": 0.9171697762286095, "IG6000": 0.9897232253036063, "IM7502": 0.937241646360748, "IG5600": 0.9594656550864137, "IG5500": 0.9506804262502503, "IG5400": 0.9375016975962102, "II6401": 0.9827542876650861, "II6500": 0.957773837040987, "II6400": 0.9442242421789407, "IM8000": 0.9058967325866231, "IK7000": 0.9672317684902797, "IJ6800": 0.9882287893519237, "IF5101": 0.9802618824847326}, "IJ6800": {"IL7101": 0.9047549556151793, "IC2710": 0.9630651643787606, "IL7100": 0.9110903797013998, "IM8500": 0.9727029342881061, "IM7500": 0.924593514158599, "IG6000": 0.9844911891989969, "IM7502": 0.9361941599441654, "IG5600": 0.9441593207238566, "IG5500": 0.9396412811271645, "IG5400": 0.9191056153998659, "II6401": 0.9777085179373465, "II6500": 0.97003264222876, "II6400": 0.9562224124855732, "IM9300": 0.9882287893519237, "IK7000": 0.9641338511008378, "IF5101": 0.978006620556115}, "IM7902": {}, "IC3123": {}, "IM7903": {"IG5900": 0.9316296925470801, "IL7101": 0.9289550174841713, "IM8000": 0.9380040299556289, "IK7000": 0.9240805023355764, "IL7100": 0.9302101286768062, "IC1811": 0.9094675958151239, "IM8500": 0.9040771960730548}, "IC2310": {"IC2001": 0.9253300544404608, "IC2410": 0.9362908240708456, "IC4300": 0.948018788845048, "IC3401": 0.9091411016290425, "IC2624": 0.916967254130339, "IC2913": 0.9413498504233999, "IC2912": 0.930048265466954}, "IC3124": {}, "IC3401": {"ID4420": 0.9000650507066075, "IC4300": 0.9059691423753097, "IC2310": 0.9091411016290425, "IC1312": 0.91213710132733, "IC3810": 0.9379955804727118, "IC2913": 0.902557279080858}, "IC2711": {}, "IA0300": {}, "IC2710": {"IC2001": 0.9265981136842959, "IC2410": 0.9205287527856891, "IC4300": 0.9199038979648625, "IC3910": 0.9539078079328163, "IC2600": 0.9611111309318487, "IM8500": 0.9373973665076849, "IM8400": 0.9062943955946718, "IM7500": 0.935882681797949, "IG6000": 0.9373160994140031, "IM7502": 0.9357807591811849, "IG5500": 0.913739699198874, "II6401": 0.9528206239967749, "II6500": 0.9463831215127257, "II6400": 0.958554162202996, "IM8000": 0.9319625189244247, "IM9300": 0.9582781017588389, "IK7000": 0.9459890669092162, "IC2712": 0.9007540723549794, "IJ6800": 0.9630651643787606, "IF5101": 0.9349673367745248}, "IM7500": {"IC2710": 0.935882681797949, "IC2600": 0.9395008962563438, "IC3810": 0.916238877634973, "IM8500": 0.9145009584186765, "IG6000": 0.9203147124226242, "II6401": 0.9055056654260801, "II6500": 0.9251090817421799, "ID4420": 0.9034326432073299, "II6400": 0.9264146548813256, "IM9300": 0.9171697762286095, "IK7000": 0.9251079102719775, "IJ6800": 0.924593514158599, "IF5101": 0.9046402592885561}, "IM7502": {"II6401": 0.956168874690151, "II6500": 0.9286518276184387, "II6400": 0.9217930716331868, "IM9300": 0.937241646360748, "IC2710": 0.9357807591811849, "IG6000": 0.906659393993589, "IJ6800": 0.9361941599441654, "IF5101": 0.9658337951323843}, "IG5401": {"IG5900": 0.9101226171435869, "IL7101": 0.9742332896262302, "ID4600": 0.9360128112087073, "IK7000": 0.9218354527183676, "IL7100": 0.9666085039464319, "IM8500": 0.9273820252582838, "IC3724": 0.9238655780049323, "IF5100": 0.9011347270598652, "IG5500": 0.9103982048643187, "IG5400": 0.9435031579103363, "IG5300": 0.9100017723780781}, "IM7503": {}, "IM7900": {}, "IG5400": {"IG5900": 0.9337655845402549, "IL7101": 0.9647173793078743, "IM9300": 0.9375016975962102, "IK7000": 0.9564039165712406, "IL7100": 0.9706207441276584, "IM8500": 0.9674536813005664, "IG6000": 0.9343623635430655, "IG5500": 0.9284281097358534, "IG5401": 0.9435031579103363, "IJ6800": 0.9191056153998659, "IF5101": 0.9042998377760422}, "IC3000": {},