{"IC1510": {}, "IC3811": {}, "IC3810": {"IC2001": 0.9317757452360368, "IC2410": 0.9489880488968873, "IC3620": 0.9828263398601332, "IC4300": 0.9673187445654206, "IC3300": 0.956951236145704, "IM8000": 0.9000779273766166, "IC3910": 0.974160707882656, "IC2712": 0.9085456564117794, "IC2913": 0.939997815792137, "IC2912": 0.9704081208932362}, "IC2600": {}, "IM8500": {"IL7101": 0.9880026400791458, "IC2710": 0.918235076352353, "IM8400": 0.9839589456924396, "IM7500": 0.9006051594105473, "IG6000": 0.9811208157953838, "IM8402": 0.9624071516139782, "IG5600": 0.9624773061189991, "IM7503": 0.9199894763435318, "IG5401": 0.9760266360888139, "IG5400": 0.9656356890888812, "II6401": 0.9277437184500621, "II6500": 0.9731489096462596, "ID4420": 0.9215427675193703, "IG5900": 0.9242294943260425, "II6400": 0.9325076047969678, "IG5800": 0.9162815393052324, "IM9300": 0.9774676852105345, "IK7000": 0.9726258606516355, "IY0200": 0.9362368561389625, "IJ6800": 0.9723504096379775, "IY0100": 0.9478548530173537, "IF5101": 0.9290674955548442}, "IC4220": {}, "IE4900": {"IH6100": 0.9037279073566724, "IG5300": 0.9073750820462929}, "IB0620": {}, "IC2712": {"IC3810": 0.9085456564117794}, "IC2210": {"IC4300": 0.9056310510703443, "IC3401": 0.9161410224101872, "IC3910": 0.9174651905918868}, "IA0400": {}, "IC3024": {}, "IC3023": {}, "IC3301": {}, "IC3300": {"IC2001": 0.948989745404286, "IC2410": 0.9503857196361796, "IC3620": 0.966685878534377, "IC4300": 0.9752837728205187, "IC2310": 0.9160017869929923, "IC3401": 0.9230013176767322, "IC3910": 0.9634422450354647, "IC3723": 0.9033655376944543, "IC3810": 0.956951236145704, "IC1811": 0.9111570083622215, "IC2913": 0.9345182786597814, "IC2912": 0.9608448646039844}, "IC3025": {}, "IL7101": {"IM8500": 0.9880026400791458, "IM8400": 0.9732291737697576, "IG6000": 0.9732968404632851, "IM8402": 0.9335291556530586, "IG5600": 0.9406834452629518, "IG5401": 0.9858269596461634, "IG5400": 0.9798936632449731, "IG5300": 0.902827877760367, "II6500": 0.9575081031155933, "IG5900": 0.9322233942383497, "II6400": 0.9203216817905093, "IG5800": 0.9459251041533746, "IM9300": 0.9600166283967265, "IK7000": 0.9614579581241209, "IY0200": 0.9317579759970022, "IJ6800": 0.943161780610451, "IY0100": 0.9650746999628278}, "IL7100": {"IG5400": 0.9048271090035727, "IG5300": 0.9172567417663874}, "IC4110": {}, "IG5501": {}, "IG5500": {}, "IC3022": {}, "ID4420": {"II6500": 0.9536844671409306, "IC1410": 0.9026393896478121, "IM9300": 0.9068231060092264, "IK7000": 0.9242695297191118, "IM8500": 0.9215427675193703, "IM8400": 0.9000294521741514, "IM7500": 0.962049040955184, "IG6000": 0.9130185629955195, "IJ6800": 0.936293248726043}, "II6300": {}, "IC1910": {"IC2624": 0.9181090685809135, "IC2913": 0.9077950510959755}, "IH6100": {"IF5100": 0.9704194696417802, "IE4900": 0.9037279073566724, "IG5300": 0.9041849390497394}, "IY0200": {"IL7101": 0.9317579759970022, "IM8500": 0.9362368561389625, "IM8400": 0.9726598722051301, "IG6000": 0.9388851698957064, "IM8402": 0.9617780960837536, "IG5600": 0.9197323397070395, "IG5401": 0.9230606944155547, "IG5400": 0.912389245883455, "II6401": 0.9043926389593013, "II6500": 0.9130790686903927, "IG5900": 0.9091373742212957, "II6400": 0.9002291183986588, "IG5800": 0.9207136276191923, "IM9300": 0.9359532967424479, "IK7000": 0.9176300104059265, "IJ6800": 0.9210090833654092, "IY0100": 0.9480015610965303, "IF5101": 0.919150490743724}, "IC3910": {"IC2001": 0.9476711828729948, "IC2210": 0.9174651905918868, "IC2410": 0.9679637230317667, "IC3620": 0.986634748601036, "IC4300": 0.987314177313135, "IC3300": 0.9634422450354647, "IC3401": 0.9470926978113028, "IC3810": 0.974160707882656, "IM7503": 0.904902879015557, "IC1811": 0.9311560721161054, "IC2913": 0.9284876223776167, "IC2912": 0.966585194571281}, "IC1610": {"II6400": 0.9102446771502928}, "IG5900": {"IL7101": 0.9322233942383497, "IC2710": 0.9205641008965277, "IM8500": 0.9242294943260425, "IM8400": 0.9192625221195132, "IG6000": 0.9170425120123261, "IG5401": 0.9044661731269569, "II6500": 0.9166539156981294, "IG5800": 0.9144216174907164, "IK7000": 0.9419231197078005, "IC1811": 0.9041046031551483, "IY0200": 0.9091373742212957, "IJ6800": 0.9151736269740695, "IY0100": 0.9205536452111952}, "IB0720": {}, "IM9300": {"IL7101": 0.9600166283967265, "IC2710": 0.9231210366677607, "IM8500": 0.9774676852105345, "IM8400": 0.9753743861557221, "IG6000": 0.9847691702951538, "IM8402": 0.9777602193456335, "IG5600": 0.9731156606098385, "IM7503": 0.9263675857156921, "IG5401": 0.9577530072033065, "IG5400": 0.9335322321498144, "II6401": 0.9698459777398901, "II6500": 0.9671150044861929, "ID4420": 0.9068231060092264, "II6400": 0.9392069927175793, "IK7000": 0.9780876448625071, "IY0200": 0.9359532967424479, "IJ6800": 0.9793773676352621, "IY0100": 0.908455420692279, "IF5101": 0.9576307312913883}, "IJ6800": {"IL7101": 0.943161780610451, "IC2710": 0.9479649981240507, "IM8500": 0.9723504096379775, "IM8400": 0.9682524296352252, "IM7500": 0.9083072081129989, "IG6000": 0.9702771131831412, "IM8402": 0.9685704955611987, "IG5600": 0.955593015393578, "IM7503": 0.9515709362304937, "IG5401": 0.9324047980684234, "IG5400": 0.9105877669607155, "II6401": 0.9659198735966549, "II6500": 0.9711928533312334, "ID4420": 0.936293248726043, "IG5900": 0.9151736269740695, "II6400": 0.9378430699526026, "IM9300": 0.9793773676352621, "IK7000": 0.9784079443263706, "IY0200": 0.9210090833654092, "IF5101": 0.962536640145778}, "IM7902": {}, "IC3123": {}, "IM7903": {}, "IC2310": {"IC2001": 0.9072806067432262, "IC2410": 0.9105890745555489, "IC4300": 0.9214489877682862, "IC3300": 0.9160017869929923, "IC2810": 0.9351724486461269, "IC1811": 0.910602317864697, "IC2912": 0.9324137019983717}, "IC3124": {}, "IC3401": {"IC2001": 0.922252835987697, "IC2210": 0.9161410224101872, "IC2410": 0.9271591116701323, "IC3620": 0.9108827837420705, "IC4300": 0.9534577981562478, "IC3300": 0.9230013176767322, "IC3910": 0.9470926978113028, "IC1811": 0.9653736397009461, "IC2912": 0.9130408187955927}, "IC2711": {}, "IA0300": {}, "IC2710": {"IM8500": 0.918235076352353, "IM8400": 0.9036445163939802, "IG6000": 0.9254241779357426, "IM8402": 0.9057793682924987, "IG5600": 0.9034738517576264, "IM7503": 0.9548028704444835, "II6401": 0.915667542027829, "II6500": 0.907556331720994, "IG5900": 0.9205641008965277, "IM9300": 0.9231210366677607, "IK7000": 0.958074290114569, "IC1811": 0.9024226325164831, "IJ6800": 0.9479649981240507, "IF5101": 0.9012852812447766}, "IM7500": {"II6500": 0.9398470754957506, "IM8500": 0.9006051594105473, "ID4420": 0.962049040955184, "IJ6800": 0.9083072081129989, "IK7000": 0.9126926338830563}, "IM7502": {}, "IG5401": {"IL7101": 0.9858269596461634, "IM8500": 0.9760266360888139, "IM8400": 0.9682383295743372, "IG6000": 0.960704474836573, "IM8402": 0.9275559328022677, "IG5600": 0.9319278864637992, "IG5400": 0.9735521019829445, "IG5300": 0.9057927314510994, "II6500": 0.9471285318930119, "IG5900": 0.9044661731269569, "II6400": 0.9114885369555562, "IG5800": 0.9301175912723416, "IM9300": 0.9577530072033065, "IK7000": 0.9442965247128373, "IY0200": 0.9230606944155547, "IJ6800": 0.9324047980684234, "IY0100": 0.9547232893735328}, "IM7503": {"IC3910": 0.904902879015557, "IC2710": 0.9548028704444835, "IM8500": 0.9199894763435318, "IG6000": 0.9126767227806554, "IM8402": 0.9136798981860059, "II6401": 0.9324389199560126, "II6500": 0.9152850070597855, "II6400": 0.9236203033292882, "IM9300": 0.9263675857156921, "IK7000": 0.9512309167012656, "IC1811": 0.9067861505363966, "IJ6800": 0.9515709362304937, "IF5101": 0.9320552703116183}, "IM7900": {}, "IG5400": {"IL7101": 0.9798936632449731, "IL7100": 0.9048271090035727, "IM8500": 0.9656356890888812, "IM8400": 0.9601629522961685, "IG6000": 0.9527396680797594, "IM8402": 0.9102315376622003, "IG5600": 0.9326788737606204, "IG5401": 0.9735521019829445, "IG5300": 0.9379107388962361, "II6500": 0.9222383693977844, "IG5800": 0.9594876253270314, "IM9300": 0.9335322321498144, "IK7000": 0.9254419192571055, "IY0200": 0.912389245883455, "IJ6800": 0.9105877669607155,