{"IC1510": {}, "IC3811": {}, "IC3810": {"IC2100": 0.9392425721400126, "IC2001": 0.9485095428621966, "IC2410": 0.9681667588759607, "IC3620": 0.9277967351183326, "IC4300": 0.9620626582240673, "IC2310": 0.9470192818040223, "IC3300": 0.9668695391838421, "IC3401": 0.9169832874415316, "IC3910": 0.9614775032953135, "IC2600": 0.9274077528180847, "IC3725": 0.9154526249317333, "IC2624": 0.9169548391276063, "IC2913": 0.9494762317038368, "IC2912": 0.9720660666972165}, "IC2600": {"IC2100": 0.9416453177463063, "IC2410": 0.9257397063779219, "IC3620": 0.9213418636424086, "IC4300": 0.9173976651728499, "IC3300": 0.9131562138346447, "IC3401": 0.9218850422814023, "IC3910": 0.9379260508252724, "IC2710": 0.9215491157040862, "IC3810": 0.9274077528180847, "IM7502": 0.9248956244795106, "IG5900": 0.9005159742792841, "IB0720": 0.9269963814010707, "IK7000": 0.9215397893257268, "IC2912": 0.9162580463888678}, "IM8500": {"II6500": 0.9452054993224004, "II6300": 0.9469566665274852, "IL7101": 0.9776286347108117, "IL7100": 0.9567928147739687, "IM8400": 0.9319919898435947, "IG6000": 0.970071700490613, "IG5401": 0.9104771070128099, "IJ6800": 0.9635675139624396}, "IC4220": {}, "IE4900": {}, "IB0620": {}, "IC2712": {"II6401": 0.930456601659192, "II6500": 0.900701256769152, "IC3620": 0.9160497903579755, "IC3723": 0.9113787301070164, "IC2710": 0.9047858632020456, "IK7000": 0.9013130996072335, "IM8400": 0.9022057794491531, "IM7503": 0.9121959278017147}, "IC2210": {}, "IA0400": {}, "IC3024": {}, "IC3023": {}, "IC3301": {}, "IC3300": {"IC2100": 0.9368284814780304, "IC2001": 0.9534246061260032, "IC2410": 0.9577511155991132, "IC3620": 0.9134632555926105, "IC4300": 0.9680435361356542, "IC2310": 0.9173527890095168, "IC3401": 0.9139895077391959, "IC3910": 0.9488364235119815, "IC2600": 0.9131562138346447, "IC3810": 0.9668695391838421, "IC4110": 0.9121800216904282, "IC4000": 0.9142079706868145, "IK7000": 0.9182749408221909, "IC1910": 0.9237127035067249, "IC2912": 0.9598972132188264}, "IC3025": {}, "IL7101": {"II6500": 0.9475352298028566, "IL7100": 0.9465040834459599, "IM8500": 0.9776286347108117, "IM8400": 0.9266938569033173, "IG6000": 0.9480869825957134, "IJ6800": 0.9530183055268324}, "IL7100": {"II6500": 0.9062659436729703, "IM8500": 0.9567928147739687, "IG6000": 0.9248633907881547, "IL7101": 0.9465040834459599, "IJ6800": 0.929495185090856}, "IC4110": {"IC2100": 0.9026109665108045, "IC2001": 0.912467462542963, "IC3300": 0.9121800216904282, "IC3910": 0.9131775047042866, "IC1910": 0.9436937521635447, "IC1811": 0.960161761766571}, "IG5501": {}, "IG5500": {}, "IC3022": {}, "ID4420": {}, "II6300": {"IM8500": 0.9469566665274852, "IG6000": 0.9359494510417172, "IJ6800": 0.905050205675925}, "IC1910": {"IC2001": 0.9344991081730092, "IC1811": 0.9295343303025788, "IC3300": 0.9237127035067249, "IC4110": 0.9436937521635447}, "IH6100": {"IF5100": 0.9015540563243319}, "IY0200": {"IY0100": 0.9619236267855599}, "IC3910": {"IC2100": 0.9645693370263863, "IC2001": 0.9431199665619292, "IC2410": 0.9574773623281827, "IC3620": 0.9223051881037218, "IC4300": 0.9662157208186615, "IC2310": 0.9541860648195385, "IC3300": 0.9488364235119815, "IC3401": 0.9306721123655372, "IC2600": 0.9379260508252724, "IC3810": 0.9614775032953135, "IC4110": 0.9131775047042866, "IM7503": 0.9194570503671322, "IB0720": 0.9178759798482867, "IK7000": 0.9223102126802393, "IC3725": 0.9237415427153722, "IC2624": 0.9114836733289547, "IC2913": 0.9528620988451539, "IC2912": 0.9634429572339249}, "IC1610": {}, "IG5900": {"IC2600": 0.9005159742792841}, "IB0720": {"IC2100": 0.9233204402851296, "IC3910": 0.9178759798482867, "IC2600": 0.9269963814010707}, "IM9300": {"II6401": 0.930599223224075, "II6500": 0.9185205504577365, "IC2710": 0.93632528399523, "IK7000": 0.909445906809453, "IM8400": 0.9101548199449755, "IM8402": 0.9100802226420691, "IJ6800": 0.9023280732263688, "IF5101": 0.9521140477541721}, "IJ6800": {"II6500": 0.9611233551794247, "II6300": 0.905050205675925, "IL7101": 0.9530183055268324, "IM9300": 0.9023280732263688, "IK7000": 0.9136739584676516, "IL7100": 0.929495185090856, "IM8500": 0.9635675139624396, "IM8400": 0.9337348242834543, "IG6000": 0.9623669857182853, "IF5101": 0.9077438957899175}, "IM7902": {}, "IC3123": {}, "IM7903": {}, "IC2310": {"IC2100": 0.9003998794378072, "IC2001": 0.9240805506017188, "IC2410": 0.9317720089661766, "IC4300": 0.935463881646932, "IC3300": 0.9173527890095168, "IC3401": 0.9122484308372782, "IC3910": 0.9541860648195385, "IC3810": 0.9470192818040223, "IC4000": 0.906228480075433, "IC3725": 0.9430613973988407, "IC2624": 0.9024299450304988, "IC2913": 0.9327265491529023, "IC2912": 0.9380562338280115}, "IC3124": {}, "IC3401": {"IC2100": 0.9291301481316221, "IC2410": 0.9397667441251167, "IC3620": 0.9211590547871268, "IC4300": 0.9415486685519032, "IC2310": 0.9122484308372782, "IC3300": 0.9139895077391959, "IC3910": 0.9306721123655372, "IC2710": 0.9418743119909234, "IK7000": 0.9474217193675946, "IC2600": 0.9218850422814023, "IC3810": 0.9169832874415316}, "IC2711": {}, "IA0300": {}, "IC2710": {"IC2100": 0.9155439325892616, "IC3620": 0.9168112650211577, "IC3401": 0.9418743119909234, "IC2600": 0.9215491157040862, "IM7500": 0.9023224700811878, "IM7502": 0.9116209664890941, "II6401": 0.9170538432545365, "II6500": 0.9340807660421526, "IM9300": 0.93632528399523, "IK7000": 0.9507022668862153, "IC2712": 0.9047858632020456, "IF5101": 0.911827250798022}, "IM7500": {"IC3620": 0.9086005067946693, "IC2710": 0.9023224700811878}, "IM7502": {"IC3620": 0.9082135732809375, "IC2710": 0.9116209664890941, "IC2600": 0.9248956244795106}, "IG5401": {"IM8500": 0.9104771070128099, "IG6000": 0.9263222771149691}, "IM7503": {"IC2100": 0.9006901722044083, "IC3620": 0.9153807370576482, "IC4300": 0.9276830127622535, "IC3910": 0.9194570503671322, "IK7000": 0.9209998209987805, "IC2712": 0.9121959278017147, "IC2912": 0.9220909294621907, "IC4000": 0.9049510377992046}, "IM7900": {}, "IG5400": {}, "IC3000": {}, "ID4520": {}, "IK7000": {"IC2100": 0.9367455685505247, "IC2410": 0.9183398370913944, "IC3620": 0.9430925463441491, "IC4300": 0.9419116115417999, "IC3300": 0.9182749408221909, "IC3401": 0.9474217193675946, "IC3910": 0.9223102126802393, "IC3723": 0.9141174505691066, "IC2710": 0.9507022668862153, "IC2600": 0.9215397893257268, "IM8400": 0.9048278357071403, "IC4000": 0.9078695457238056, "IM7503": 0.9209998209987805, "II6401": 0.9309136851931035, "II6500": 0.941066329248585, "II6400": 0.9063278197819793, "IM9300": 0.909445906809453, "IC2712": 0.9013130996072335, "IJ6800": 0.9136739584676516, "IF5101": 0.919599700216853}, "IC3912": {}, "IB1020": {}, "IY0100": {"IY0200": 0.9619236267855599}, "IC2001": {"IC2100": 0.9327760916965421, "IC2410": 0.9504538441019824, "IC4300": 0.9418819619883643, "IC2310": 0.9240805506017188, "IC3300": 0.9534246061260032, "IC3910": 0.9431199665619292, "IC3810": 0.9485095428621966, "IC4110": 0.912467462542963, "IC1910": 0.9344991081730092, "IC1811": 0.9148868649765454, "IC2913": 0.9185891180663058, "IC2912": 0.9305891901950197}, "IE5000": {}, "IC2520": {}, "IC4300": {"IC2100": 0.9660155346015834, "IC2001": 0.9418819619883643, "IC2410": 0.9715294848752426, "IC3620": 0.957603582864635, "IC2310": 0.935463881646932, "IC3300": 0.9680435361356542, "IC3401": 0.9415486685519032, "IC3910": 0.9662157208186615, "IC2600": 0.9173976651728499, "IC3810": 0.9620626582240673, "IC4000": 0.9387112237192511, "IM7503": 0.9276830127622535, "IK7000": 0.9419116115417999, "IC3725": 0.9175362799143932, "IC2913": 0.9298184827173266, "IC2912": 0.9669180116066186}, "IC1312": {}, "IC2521": {}, "IC1710": {}, "IG5800": {}, "IB0820": {}, "IC3725": {"IC2410": 0.9296470550710103, "IC4300": 0.9175362799143932, "IC2310": 0.9430613973988407, "IC3910": 0.9237415427153722, "IC3810": 0.9154526249317333, "IC2912": 0.9163747462001455, "IC4000": 0.9039834370061558}, "IC3724": {}, "IC2913": {"IC2100": 0.9218554362870035, "IC2001": 0.9185891180663058, "IC2410": 0.9370806599407917, "IC3620": 0.9017437114984168, "IC4300": 0.9298184827173266, "IC2310": 0.9327265491529023,