{"IC1510": {"IG5900": 0.9147366645489674, "IC1410": 0.9386965224300104, "IM8000": 0.9202213692256404, "IK7000": 0.9215322720963488, "IC2600": 0.9124294387699794}, "IC3811": {}, "IC3810": {"IC4300": 0.9478153367329248, "IC3401": 0.9165058013275408, "IC3910": 0.9232795597158794, "IC2710": 0.9059659204148454, "IM7500": 0.9228818008985812, "IC2912": 0.9494447831677054, "IM7503": 0.9204084374870918}, "IC2600": {"IC2410": 0.9232823214072482, "IC4300": 0.928017523000967, "IM8000": 0.9033176057779781, "IC3401": 0.9290789241438819, "IC1510": 0.9124294387699794, "IC3910": 0.926584722064047, "IC2710": 0.921219905227925, "IK7000": 0.9176801136332492, "IC2912": 0.9079724977778275, "IM7503": 0.9117215216823967}, "IM8500": {"IL7101": 0.958511180999426, "IL7100": 0.9410407800398057, "IG6000": 0.9657214621302873, "IM7502": 0.936182842618615, "IG5600": 0.9235975631896611, "IG5401": 0.913562125488961, "IG5400": 0.9903701642601542, "II6401": 0.9051304178015426, "II6500": 0.9326021613848388, "IG5900": 0.968477101613459, "II6300": 0.9631856990545241, "IM8000": 0.9301986355192606, "IM9300": 0.9753510530725812, "IK7000": 0.9662742989832966, "IF5100": 0.9092704034581134, "IJ6800": 0.9352892656396311}, "IC4220": {}, "IE4900": {"IG5800": 0.933530181604676, "ID4600": 0.9271231657914584, "IA0200": 0.9249100416820001, "IH6100": 0.9277559862587176, "IF5100": 0.945371708105868, "IG5401": 0.9114384765891365, "IG5300": 0.9135507658314713}, "IB0620": {}, "IC2712": {"II6401": 0.907592859333209, "II6500": 0.9193444451070061, "II6400": 0.9054348409652648, "IC3300": 0.9317745737862186, "IC3401": 0.9149388268929696, "IC3910": 0.9466818797778144, "IC2710": 0.9505863730775643, "IC2912": 0.9079702301257959, "IM7503": 0.955805490693021, "IJ6800": 0.9102469961282641, "IF5101": 0.9050941385576665}, "IC2210": {"IC2001": 0.9001519929116891, "IC1910": 0.9072096507367734, "IC1811": 0.9121660373617386, "IC4300": 0.9103483156928158}, "IA0400": {}, "IC3024": {}, "IC3023": {}, "IC3301": {}, "IC3300": {"IC2001": 0.9199919029049861, "IC2410": 0.9569049334872561, "IC4300": 0.9391048972936457, "IC2310": 0.9459993874442634, "IC3401": 0.9389921120839896, "IC3910": 0.9630149131855978, "IC2710": 0.9111696444279849, "IC4110": 0.9225929222028018, "IM7503": 0.9344641422054561, "IC1910": 0.9043994848967442, "IC3725": 0.9029624377373447, "IC2712": 0.9317745737862186, "IC2913": 0.9298783402595988, "IC2912": 0.9284105645958176}, "IC3025": {}, "IL7101": {"IL7100": 0.9541127513276794, "IM8500": 0.958511180999426, "IG5600": 0.9012952145606126, "IG5401": 0.9667924844307656, "IG5400": 0.9773149419301639, "IG5300": 0.9204944611942895, "IG5900": 0.9531975230352959, "II6300": 0.9418018904007267, "IM8000": 0.9158608246840094, "ID4600": 0.9230253390493403, "IM9300": 0.9118994453518456, "IK7000": 0.9321864894105775, "IF5100": 0.9443211813598419}, "IL7100": {"IL7101": 0.9541127513276794, "IM8500": 0.9410407800398057, "IG5600": 0.9162974453405037, "IG5401": 0.9474426750003951, "IG5400": 0.9548440338407642, "IG5300": 0.9074342240550434, "IG5900": 0.9295198128954126, "II6300": 0.9550011949620583, "IM8000": 0.9041409473710179, "IM9300": 0.9139084434819582, "IK7000": 0.9156640755543244, "IF5100": 0.9066404255013473}, "IC4110": {"IC2001": 0.9282002189725383, "IC2410": 0.9356055473186128, "IC2310": 0.9255635928932363, "IC3300": 0.9225929222028018, "IC3910": 0.9107349274884178, "IC1910": 0.9079046111524983, "IC1811": 0.92856113707017, "IC2624": 0.9077586664401692}, "IG5501": {}, "IG5500": {}, "IC3022": {}, "ID4420": {}, "II6300": {"IL7101": 0.9418018904007267, "IL7100": 0.9550011949620583, "IM8500": 0.9631856990545241, "IG6000": 0.9528306937207643, "IM7502": 0.9557334742475042, "IG5600": 0.9745572086066829, "IG5401": 0.9161252533166102, "IG5400": 0.9685689272896233, "II6401": 0.9386520214839982, "II6500": 0.9401279868422043, "IG5900": 0.9455541728402138, "II6400": 0.9075391139155086, "IM8000": 0.9174732129721236, "IM9300": 0.9687395567659985, "IK7000": 0.9513271142823251, "IJ6800": 0.9446648099567027, "IF5101": 0.9085891472838344}, "IC1910": {"IC2001": 0.9464249149699104, "IC2210": 0.9072096507367734, "IC2410": 0.9441118183340665, "IC4300": 0.9280612084204287, "IC2310": 0.9046517899001328, "IC3300": 0.9043994848967442, "IM8000": 0.9015713952918549, "IC3910": 0.9027122310545679, "IC1811": 0.9454850112047046, "IC2624": 0.9350768832590676, "IC4110": 0.9079046111524983}, "IH6100": {"IG5800": 0.9460470754448491, "IA0200": 0.9019397465300004, "IE4900": 0.9277559862587176, "IY0200": 0.9294221722172417, "IF5100": 0.9364244326993743, "IG5300": 0.9342378906728186, "IY0100": 0.9552108514233831}, "IY0200": {"IG5800": 0.9591723311034995, "IH6100": 0.9294221722172417, "IA0200": 0.9099657790890638, "IG5300": 0.9397198003468924, "IY0100": 0.9912774175900959}, "IC3910": {"IC2001": 0.9121108605575914, "IC2410": 0.9702389520890007, "IC4300": 0.973228763767706, "IC2310": 0.9594449634770857, "IC3300": 0.9630149131855978, "IC3401": 0.9758747671525424, "IC2710": 0.9565084241243857, "IC2600": 0.926584722064047, "IC3810": 0.9232795597158794, "IM7500": 0.9051820831735747, "IC4110": 0.9107349274884178, "IM7503": 0.9651072894365059, "IM8000": 0.9120773673656638, "IK7000": 0.9214436251055542, "IC1910": 0.9027122310545679, "IC2712": 0.9466818797778144, "IC2913": 0.9180703704130592, "IC2912": 0.9685352815969447}, "IC1610": {}, "IG5900": {"IL7101": 0.9531975230352959, "IC1510": 0.9147366645489674, "IL7100": 0.9295198128954126, "IM8500": 0.968477101613459, "IG6000": 0.9197158486265028, "IM7502": 0.911461163317741, "IG5401": 0.918756632207097, "IG5400": 0.95936877358006, "II6500": 0.9089029639354738, "II6300": 0.9455541728402138, "IM8000": 0.9592056213157317, "IM9300": 0.9371865621067044, "IK7000": 0.9741090295882882, "IC1811": 0.9029522983977997, "IF5100": 0.9103148249356526, "IJ6800": 0.910083341446691}, "IB0720": {}, "IM9300": {"IL7101": 0.9118994453518456, "IC2710": 0.9334958000647849, "IL7100": 0.9139084434819582, "IM8500": 0.9753510530725812, "IM7500": 0.93421361634503, "IG6000": 0.9943122007446982, "IM7502": 0.9780087774834361, "IG5600": 0.9490992316694552, "IM7503": 0.9113303335731855, "IG5400": 0.95806275272102, "II6401": 0.9681488220393988, "II6500": 0.9830125268129113, "IG5900": 0.9371865621067044, "II6400": 0.956674954397573, "II6300": 0.9687395567659985, "IM8000": 0.913665161901288, "IK7000": 0.9706165043138693, "IJ6800": 0.9840631374215858, "IF5101": 0.952680577167308}, "IJ6800": {"IC2710": 0.9612497528865925, "IM8500": 0.9352892656396311, "IM7500": 0.9445939633885263, "IG6000": 0.9778551977933198, "IM7502": 0.9797152354387789, "IG5600": 0.9443626797564261, "IM7503": 0.9401672111655163, "IG5400": 0.9113608819303747, "II6401": 0.9811583713465598, "II6500": 0.9928313084075037, "IG5900": 0.910083341446691, "II6400": 0.9800048523730367, "II6300": 0.9446648099567027, "IM8000": 0.9108132873725455, "IM9300": 0.9840631374215858, "IK7000": 0.9636185955313162, "IC2712": 0.9102469961282641, "IF5101": 0.9699646055743167}, "IM7902": {}, "IC3123": {}, "IM7903": {}, "IC2310": {"IC2001": 0.9072920910522028, "IC2410": 0.9659778845425911, "IC4300": 0.9696663595489606, "IC3300": 0.9459993874442634, "IC3401": 0.9484556460161806, "IC3910": 0.9594449634770857, "IC4110": 0.9255635928932363, "IM7503": 0.9091814545028, "IC1910": 0.9046517899001328, "IC3725": 0.9251930615075088, "IC2913": 0.9458288792868883, "IC2912": 0.9472312165519959}, "IC3124": {}, "IC3401": {"IC2001": 0.9043070471138346, "IC2410": 0.968502631874297, "IC4300": 0.9754106340017371, "IC2310": 0.9484556460161806, "IC3300": 0.9389921120839896, "IC3910": 0.9758747671525424, "IC2710": 0.9483209032109011, "IC2600": 0.9290789241438819, "IC3810": 0.9165058013275408, "IM7503": 0.9452743848964908, "IC2712": 0.9149388268929696, "IC2912": 0.9649540662817656}, "IC2711": {}, "IA0300": {}, "IC2710": {"IC2410": 0.9058186980614854, "IC4300": 0.9332890528582172, "IC3300": 0.9111696444279849, "IC3401": 0.9483209032109011, "IC3910": 0.9565084241243857, "IC2600": 0.921219905227925, "IC3810": 0.9059659204148454,